{
  "command": null,
  "duration": 20.972868,
  "title": "Get your local IP from Azure VM",
  "stdout": [
    [
      0.041881,
      "\u001b]7;file://Steves-MBP-2/Users/steve\u0007"
    ],
    [
      0.048825,
      "\u001b[1m\u001b[7m%\u001b[27m\u001b[1m\u001b[0m                                                                                        \r \r\u001b]2;steve@Steves-MBP-2\u0007"
    ],
    [
      2.4e-05,
      "\u001b]1;~\u0007"
    ],
    [
      0.001868,
      "\u001b]7;file://Steves-MBP-2/Users/steve\u0007"
    ],
    [
      0.009194,
      "\r\u001b[0m\u001b[27m\u001b[24m\u001b[J\u001b[01;32m➜  \u001b[36m~\u001b[00m \u001b[K"
    ],
    [
      2.5e-05,
      "\u001b[?1h\u001b="
    ],
    [
      3.0,
      "s"
    ],
    [
      4.4e-05,
      "\bss"
    ],
    [
      0.000123,
      "h"
    ],
    [
      0.000165,
      " "
    ],
    [
      5.3e-05,
      "s"
    ],
    [
      6.8e-05,
      "t"
    ],
    [
      2.9e-05,
      "e"
    ],
    [
      8e-05,
      "v"
    ],
    [
      3e-05,
      "e"
    ],
    [
      4.7e-05,
      "b"
    ],
    [
      0.000113,
      "a"
    ],
    [
      3.3e-05,
      "rg"
    ],
    [
      1.9e-05,
      "e"
    ],
    [
      7.9e-05,
      "l"
    ],
    [
      2.4e-05,
      "t"
    ],
    [
      9e-05,
      "@"
    ],
    [
      4e-05,
      "do"
    ],
    [
      5.7e-05,
      "c"
    ],
    [
      6.3e-05,
      "k"
    ],
    [
      3e-05,
      "e"
    ],
    [
      1.9e-05,
      "r"
    ],
    [
      8.7e-05,
      "b"
    ],
    [
      2e-05,
      "l"
    ],
    [
      6e-05,
      "o"
    ],
    [
      2.3e-05,
      "g"
    ],
    [
      4.6e-05,
      "."
    ],
    [
      4.1e-05,
      "w"
    ],
    [
      5.3e-05,
      "e"
    ],
    [
      2.6e-05,
      "s"
    ],
    [
      5e-05,
      "t"
    ],
    [
      6.6e-05,
      "u"
    ],
    [
      2.1e-05,
      "s"
    ],
    [
      4.6e-05,
      "."
    ],
    [
      8.2e-05,
      "c"
    ],
    [
      2e-05,
      "l"
    ],
    [
      6e-05,
      "o"
    ],
    [
      2.7e-05,
      "u"
    ],
    [
      5.4e-05,
      "d"
    ],
    [
      1.8e-05,
      "a"
    ],
    [
      7.2e-05,
      "p"
    ],
    [
      1.6e-05,
      "p"
    ],
    [
      9.1e-05,
      "."
    ],
    [
      2.9e-05,
      "a"
    ],
    [
      2.5e-05,
      "z"
    ],
    [
      7.9e-05,
      "u"
    ],
    [
      2.5e-05,
      "r"
    ],
    [
      2e-05,
      "e"
    ],
    [
      6.3e-05,
      "."
    ],
    [
      2.8e-05,
      "c"
    ],
    [
      6.8e-05,
      "o"
    ],
    [
      3.4e-05,
      "m"
    ],
    [
      5.6e-05,
      " "
    ],
    [
      0.000141,
      "-"
    ],
    [
      7.8e-05,
      "p "
    ],
    [
      0.000121,
      "2"
    ],
    [
      0.000106,
      "2"
    ],
    [
      3.0,
      "\u001b[?1l\u001b>"
    ],
    [
      3.3e-05,
      "\r\r\n"
    ],
    [
      0.000853,
      "\u001b]2;ssh stevebargelt@dockerblog.westus.cloudapp.azure.com -p 22\u0007\u001b]1;stevebargelt@dockerblog.westus.cloudapp.azure.com\u0007"
    ],
    [
      0.908032,
      "Welcome to Ubuntu 16.04.1 LTS (GNU/Linux 4.4.0-34-generic x86_64)\r\n\r\n * Documentation:  https://help.ubuntu.com\r\n * Management:     https://landscape.canonical.com\r\n * Support:        https://ubuntu.com/advantage\r\n\r\n  Get cloud support with Ubuntu Advantage Cloud Guest:\r\n    http://www.ubuntu.com/business/services/cloud\r\n\r\n1 package can be updated.\r\n0 updates are security updates.\r\n\r\n\r\n*** System restart required ***\r\nLast login: Tue Aug 30 14:13:05 2016 from 67.165.120.220\r\r\n"
    ],
    [
      0.001554,
      "To run a command as administrator (user \"root\"), use \"sudo <command>\"."
    ],
    [
      0.001125,
      "\r\nSee \"man sudo_root\" for details.\r\n\r\n"
    ],
    [
      0.065767,
      "\u001b]0;stevebargelt@dockerBlog: ~\u0007\u001b[01;32mstevebargelt@dockerBlog\u001b[00m:\u001b[01;34m~\u001b[00m$ "
    ],
    [
      1.667288,
      "i"
    ],
    [
      0.622181,
      "f"
    ],
    [
      0.676562,
      "c"
    ],
    [
      0.135787,
      "o"
    ],
    [
      0.32423,
      "n"
    ],
    [
      0.332755,
      "f"
    ],
    [
      0.127839,
      "i"
    ],
    [
      0.138153,
      "g"
    ],
    [
      0.172201,
      " "
    ],
    [
      0.387279,
      "e"
    ],
    [
      0.299462,
      "t"
    ],
    [
      0.105377,
      "h"
    ],
    [
      0.511932,
      "0"
    ],
    [
      0.886551,
      "\r\n"
    ],
    [
      0.004879,
      "eth0      Link encap:Ethernet  HWaddr 00:0d:3a:34:16:ad  \r\n          inet addr:10.0.0.4  Bcast:10.0.0.255  Mask:255.255.255.0\r\n          inet6 addr: fe80::20d:3aff:fe34:16ad/64 Scope:Link\r\n          UP BROADCAST RUNNING MULTICAST  MTU:1500  Metric:1\r\n          RX packets:145271 errors:0 dropped:0 overruns:0 frame:0\r\n          TX packets:72754 errors:0 dropped:0 overruns:0 carrier:0\r\n          collisions:0 txqueuelen:1000 \r\n          RX bytes:176269547 (176.2 MB)  TX bytes:12006421 (12.0 MB)\r\n\r\n\u001b]0;stevebargelt@dockerBlog: ~\u0007\u001b[01;32mstevebargelt@dockerBlog\u001b[00m:\u001b[01;34m~\u001b[00m$ "
    ],
    [
      3.0,
      "e"
    ],
    [
      0.281191,
      "x"
    ],
    [
      0.334222,
      "i"
    ],
    [
      0.193166,
      "t"
    ],
    [
      1.016635,
      "\r\nlogout\r\n"
    ],
    [
      0.003134,
      "Connection to dockerblog.westus.cloudapp.azure.com closed.\r\r\n"
    ],
    [
      0.001324,
      "\u001b[1m\u001b[7m%\u001b[27m\u001b[1m\u001b[0m                                                                                        \r \r"
    ],
    [
      0.000122,
      "\u001b]2;steve@Steves-MBP-2\u0007"
    ],
    [
      4.6e-05,
      "\u001b]1;~\u0007"
    ],
    [
      0.002795,
      "\u001b]7;file://Steves-MBP-2/Users/steve\u0007"
    ],
    [
      0.010348,
      "\r\u001b[0m\u001b[27m\u001b[24m\u001b[J\u001b[01;32m➜  \u001b[36m~\u001b[00m \u001b[K"
    ],
    [
      2e-05,
      "\u001b[?1h\u001b="
    ],
    [
      2.648831,
      "\r\r\n"
    ]
  ],
  "version": 1,
  "width": 89,
  "env": {
    "TERM": "xterm-256color",
    "SHELL": "/bin/zsh"
  },
  "height": 16
}